{"RandomForestClassifier": {"confusion_matrix": [[33338, 2415], [922, 2231]], "accuracy": 0.914229167737624, "classification_report": "             precision    recall  f1-score   support\n\n          0       0.97      0.93      0.95     35753\n          1       0.48      0.71      0.57      3153\n\navg / total       0.93      0.91      0.92     38906\n", "best_params": {"min_samples_split": 2, "min_samples_leaf": 5, "n_estimators": 150}}, "DecisionTreeClassifier": {"confusion_matrix": [[30566, 5187], [310, 2843]], "accuracy": 0.8587107387035419, "classification_report": "             precision    recall  f1-score   support\n\n          0       0.99      0.85      0.92     35753\n          1       0.35      0.90      0.51      3153\n\navg / total       0.94      0.86      0.88     38906\n", "best_params": {"min_samples_split": 2, "min_samples_leaf": 50, "max_depth": 5}}}