{"RandomForestClassifier": {"confusion_matrix": [[29619, 6134], [244, 2909]], "accuracy": 0.8360664164910296, "classification_report": "             precision    recall  f1-score   support\n\n          0       0.99      0.83      0.90     35753\n          1       0.32      0.92      0.48      3153\n\navg / total       0.94      0.84      0.87     38906\n", "best_params": {"min_samples_split": 20, "min_samples_leaf": 5, "n_estimators": 1}}, "DecisionTreeClassifier": {"confusion_matrix": [[29621, 6132], [244, 2909]], "accuracy": 0.836117822443839, "classification_report": "             precision    recall  f1-score   support\n\n          0       0.99      0.83      0.90     35753\n          1       0.32      0.92      0.48      3153\n\navg / total       0.94      0.84      0.87     38906\n", "best_params": {"min_samples_split": 50, "min_samples_leaf": 5, "max_depth": 11}}}