{"RandomForestClassifier": {"confusion_matrix": [[37933, 7672], [46, 4691]], "accuracy": 0.8466886496364864, "classification_report": "             precision    recall  f1-score   support\n\n          0       1.00      0.83      0.91     45605\n          1       0.38      0.99      0.55      4737\n\navg / total       0.94      0.85      0.87     50342\n", "best_params": {"min_samples_split": 35, "min_samples_leaf": 2, "n_estimators": 10}}, "DecisionTreeClassifier": {"confusion_matrix": [[37931, 7674], [45, 4692]], "accuracy": 0.8466687855071312, "classification_report": "             precision    recall  f1-score   support\n\n          0       1.00      0.83      0.91     45605\n          1       0.38      0.99      0.55      4737\n\navg / total       0.94      0.85      0.87     50342\n", "best_params": {"min_samples_split": 2, "min_samples_leaf": 2, "max_depth": 5}}, "AdaBoostClassifier": {"confusion_matrix": [[37937, 7668], [47, 4690]], "accuracy": 0.846748242024552, "classification_report": "             precision    recall  f1-score   support\n\n          0       1.00      0.83      0.91     45605\n          1       0.38      0.99      0.55      4737\n\navg / total       0.94      0.85      0.87     50342\n", "best_params": {"learning_rate": 1.2, "n_estimators": 10}}, "ExtraTreesClassifier": {"confusion_matrix": [[37931, 7674], [45, 4692]], "accuracy": 0.8466687855071312, "classification_report": "             precision    recall  f1-score   support\n\n          0       1.00      0.83      0.91     45605\n          1       0.38      0.99      0.55      4737\n\navg / total       0.94      0.85      0.87     50342\n", "best_params": {"min_samples_split": 50, "min_samples_leaf": 2, "n_estimators": 75}}}