{"RandomForestClassifier": {"confusion_matrix": [[37376, 1418], [1158, 2463]], "accuracy": 0.9392667688317812, "classification_report": "             precision    recall  f1-score   support\n\n          0       0.97      0.96      0.97     38794\n          1       0.63      0.68      0.66      3621\n\navg / total       0.94      0.94      0.94     42415\n", "best_params": {"min_samples_split": 10, "min_samples_leaf": 2, "n_estimators": 200}}, "DecisionTreeClassifier": {"confusion_matrix": [[34106, 4688], [331, 3290]], "accuracy": 0.8816692207945303, "classification_report": "             precision    recall  f1-score   support\n\n          0       0.99      0.88      0.93     38794\n          1       0.41      0.91      0.57      3621\n\navg / total       0.94      0.88      0.90     42415\n", "best_params": {"min_samples_split": 2, "min_samples_leaf": 20, "max_depth": 11}}, "AdaBoostClassifier": {"confusion_matrix": [[35453, 3341], [739, 2882]], "accuracy": 0.9038076152304609, "classification_report": "             precision    recall  f1-score   support\n\n          0       0.98      0.91      0.95     38794\n          1       0.46      0.80      0.59      3621\n\navg / total       0.94      0.90      0.91     42415\n", "best_params": {"learning_rate": 1.0, "n_estimators": 500}}, "ExtraTreesClassifier": {"confusion_matrix": [[37252, 1542], [1221, 2400]], "accuracy": 0.9348579511965107, "classification_report": "             precision    recall  f1-score   support\n\n          0       0.97      0.96      0.96     38794\n          1       0.61      0.66      0.63      3621\n\navg / total       0.94      0.93      0.94     42415\n", "best_params": {"min_samples_split": 5, "min_samples_leaf": 2, "n_estimators": 500}}}