{"RandomForestClassifier": {"confusion_matrix": [[35600, 1498], [858, 2173]], "accuracy": 0.9412893418724613, "classification_report": "             precision    recall  f1-score   support\n\n          0       0.98      0.96      0.97     37098\n          1       0.59      0.72      0.65      3031\n\navg / total       0.95      0.94      0.94     40129\n", "best_params": {"min_samples_split": 10, "min_samples_leaf": 2, "n_estimators": 300}}, "DecisionTreeClassifier": {"confusion_matrix": [[32851, 4247], [130, 2901]], "accuracy": 0.8909267611951457, "classification_report": "             precision    recall  f1-score   support\n\n          0       1.00      0.89      0.94     37098\n          1       0.41      0.96      0.57      3031\n\navg / total       0.95      0.89      0.91     40129\n", "best_params": {"min_samples_split": 2, "min_samples_leaf": 50, "max_depth": 5}}, "AdaBoostClassifier": {"confusion_matrix": [[34308, 2790], [611, 2420]], "accuracy": 0.9152483241546014, "classification_report": "             precision    recall  f1-score   support\n\n          0       0.98      0.92      0.95     37098\n          1       0.46      0.80      0.59      3031\n\navg / total       0.94      0.92      0.93     40129\n", "best_params": {"learning_rate": 0.9, "n_estimators": 500}}, "ExtraTreesClassifier": {"confusion_matrix": [[35448, 1650], [878, 2153]], "accuracy": 0.9370031647935408, "classification_report": "             precision    recall  f1-score   support\n\n          0       0.98      0.96      0.97     37098\n          1       0.57      0.71      0.63      3031\n\navg / total       0.94      0.94      0.94     40129\n", "best_params": {"min_samples_split": 5, "min_samples_leaf": 2, "n_estimators": 500}}}