{"RandomForestClassifier": {"confusion_matrix": [[31073, 6025], [5, 3026]], "accuracy": 0.8497346058959855, "classification_report": "             precision    recall  f1-score   support\n\n          0       1.00      0.84      0.91     37098\n          1       0.33      1.00      0.50      3031\n\navg / total       0.95      0.85      0.88     40129\n", "best_params": {"min_samples_split": 20, "min_samples_leaf": 2, "n_estimators": 5}}, "DecisionTreeClassifier": {"confusion_matrix": [[31073, 6025], [5, 3026]], "accuracy": 0.8497346058959855, "classification_report": "             precision    recall  f1-score   support\n\n          0       1.00      0.84      0.91     37098\n          1       0.33      1.00      0.50      3031\n\navg / total       0.95      0.85      0.88     40129\n", "best_params": {"min_samples_split": 2, "min_samples_leaf": 2, "max_depth": 1}}, "ExtraTreesClassifier": {"confusion_matrix": [[31074, 6024], [5, 3026]], "accuracy": 0.8497595255301652, "classification_report": "             precision    recall  f1-score   support\n\n          0       1.00      0.84      0.91     37098\n          1       0.33      1.00      0.50      3031\n\navg / total       0.95      0.85      0.88     40129\n", "best_params": {"min_samples_split": 20, "min_samples_leaf": 2, "n_estimators": 3}}}