{"RandomForestClassifier": {"confusion_matrix": [[16582, 733], [360, 921]], "accuracy": 0.9412239191223919, "classification_report": "             precision    recall  f1-score   support\n\n          0       0.98      0.96      0.97     17315\n          1       0.56      0.72      0.63      1281\n\navg / total       0.95      0.94      0.94     18596\n", "best_params": {"min_samples_split": 2, "min_samples_leaf": 5, "n_estimators": 200}}, "DecisionTreeClassifier": {"confusion_matrix": [[15410, 1905], [158, 1123]], "accuracy": 0.8890621639062164, "classification_report": "             precision    recall  f1-score   support\n\n          0       0.99      0.89      0.94     17315\n          1       0.37      0.88      0.52      1281\n\navg / total       0.95      0.89      0.91     18596\n", "best_params": {"min_samples_split": 2, "min_samples_leaf": 20, "max_depth": 11}}, "AdaBoostClassifier": {"confusion_matrix": [[16389, 926], [418, 863]], "accuracy": 0.9277263927726392, "classification_report": "             precision    recall  f1-score   support\n\n          0       0.98      0.95      0.96     17315\n          1       0.48      0.67      0.56      1281\n\navg / total       0.94      0.93      0.93     18596\n", "best_params": {"learning_rate": 0.9, "n_estimators": 400}}, "ExtraTreesClassifier": {"confusion_matrix": [[16564, 751], [400, 881]], "accuracy": 0.9381049688104969, "classification_report": "             precision    recall  f1-score   support\n\n          0       0.98      0.96      0.97     17315\n          1       0.54      0.69      0.60      1281\n\navg / total       0.95      0.94      0.94     18596\n", "best_params": {"min_samples_split": 10, "min_samples_leaf": 2, "n_estimators": 400}}}