{"RandomForestClassifier": {"confusion_matrix": [[37443, 8482], [8, 3520]], "accuracy": 0.8283218409398823, "classification_report": "             precision    recall  f1-score   support\n\n          0       1.00      0.82      0.90     45925\n          1       0.29      1.00      0.45      3528\n\navg / total       0.95      0.83      0.87     49453\n", "best_params": {"min_samples_split": 35, "min_samples_leaf": 2, "n_estimators": 3}}, "DecisionTreeClassifier": {"confusion_matrix": [[37442, 8483], [8, 3520]], "accuracy": 0.8283016197197339, "classification_report": "             precision    recall  f1-score   support\n\n          0       1.00      0.82      0.90     45925\n          1       0.29      1.00      0.45      3528\n\navg / total       0.95      0.83      0.87     49453\n", "best_params": {"min_samples_split": 2, "min_samples_leaf": 2, "max_depth": 5}}}