{"RandomForestClassifier": {"confusion_matrix": [[43217, 2708], [904, 2624]], "accuracy": 0.9269609528238933, "classification_report": "             precision    recall  f1-score   support\n\n          0       0.98      0.94      0.96     45925\n          1       0.49      0.74      0.59      3528\n\navg / total       0.94      0.93      0.93     49453\n", "best_params": {"min_samples_split": 2, "min_samples_leaf": 5, "n_estimators": 300}}, "DecisionTreeClassifier": {"confusion_matrix": [[39852, 6073], [182, 3346]], "accuracy": 0.8735162679716094, "classification_report": "             precision    recall  f1-score   support\n\n          0       1.00      0.87      0.93     45925\n          1       0.36      0.95      0.52      3528\n\navg / total       0.95      0.87      0.90     49453\n", "best_params": {"min_samples_split": 2, "min_samples_leaf": 35, "max_depth": 5}}, "ExtraTreesClassifier": {"confusion_matrix": [[42902, 3023], [1003, 2525]], "accuracy": 0.9185893676824459, "classification_report": "             precision    recall  f1-score   support\n\n          0       0.98      0.93      0.96     45925\n          1       0.46      0.72      0.56      3528\n\navg / total       0.94      0.92      0.93     49453\n", "best_params": {"min_samples_split": 10, "min_samples_leaf": 2, "n_estimators": 150}}}