{"RandomForestClassifier": {"confusion_matrix": [[42319, 3286], [835, 3902]], "accuracy": 0.918139922927178, "classification_report": "             precision    recall  f1-score   support\n\n          0       0.98      0.93      0.95     45605\n          1       0.54      0.82      0.65      4737\n\navg / total       0.94      0.92      0.93     50342\n", "best_params": {"min_samples_split": 2, "min_samples_leaf": 5, "n_estimators": 500}}, "DecisionTreeClassifier": {"confusion_matrix": [[39900, 5705], [323, 4414]], "accuracy": 0.8802590282467919, "classification_report": "             precision    recall  f1-score   support\n\n          0       0.99      0.87      0.93     45605\n          1       0.44      0.93      0.59      4737\n\navg / total       0.94      0.88      0.90     50342\n", "best_params": {"min_samples_split": 2, "min_samples_leaf": 35, "max_depth": 11}}, "AdaBoostClassifier": {"confusion_matrix": [[41320, 4285], [847, 3890]], "accuracy": 0.8980572881490604, "classification_report": "             precision    recall  f1-score   support\n\n          0       0.98      0.91      0.94     45605\n          1       0.48      0.82      0.60      4737\n\navg / total       0.93      0.90      0.91     50342\n", "best_params": {"learning_rate": 1.1, "n_estimators": 500}}, "ExtraTreesClassifier": {"confusion_matrix": [[43331, 2274], [1571, 3166]], "accuracy": 0.9236224226292161, "classification_report": "             precision    recall  f1-score   support\n\n          0       0.97      0.95      0.96     45605\n          1       0.58      0.67      0.62      4737\n\navg / total       0.93      0.92      0.93     50342\n", "best_params": {"min_samples_split": 5, "min_samples_leaf": 2, "n_estimators": 500}}}