{"RandomForestClassifier": {"confusion_matrix": [[23201, 1318], [362, 1818]], "accuracy": 0.9370762949923218, "classification_report": "             precision    recall  f1-score   support\n\n          0       0.98      0.95      0.97     24519\n          1       0.58      0.83      0.68      2180\n\navg / total       0.95      0.94      0.94     26699\n", "best_params": {"min_samples_split": 2, "min_samples_leaf": 5, "n_estimators": 400}}, "DecisionTreeClassifier": {"confusion_matrix": [[21954, 2565], [156, 2024]], "accuracy": 0.8980860706393498, "classification_report": "             precision    recall  f1-score   support\n\n          0       0.99      0.90      0.94     24519\n          1       0.44      0.93      0.60      2180\n\navg / total       0.95      0.90      0.91     26699\n", "best_params": {"min_samples_split": 2, "min_samples_leaf": 35, "max_depth": 11}}, "ExtraTreesClassifier": {"confusion_matrix": [[23255, 1264], [561, 1619]], "accuracy": 0.9316453799767782, "classification_report": "             precision    recall  f1-score   support\n\n          0       0.98      0.95      0.96     24519\n          1       0.56      0.74      0.64      2180\n\navg / total       0.94      0.93      0.94     26699\n", "best_params": {"min_samples_split": 10, "min_samples_leaf": 2, "n_estimators": 400}}}