{"RandomForestClassifier": {"confusion_matrix": [[20725, 3794], [20, 2160]], "accuracy": 0.8571482077980449, "classification_report": "             precision    recall  f1-score   support\n\n          0       1.00      0.85      0.92     24519\n          1       0.36      0.99      0.53      2180\n\navg / total       0.95      0.86      0.88     26699\n", "best_params": {"min_samples_split": 35, "min_samples_leaf": 2, "n_estimators": 3}}, "DecisionTreeClassifier": {"confusion_matrix": [[20729, 3790], [21, 2159]], "accuracy": 0.8572605715569872, "classification_report": "             precision    recall  f1-score   support\n\n          0       1.00      0.85      0.92     24519\n          1       0.36      0.99      0.53      2180\n\navg / total       0.95      0.86      0.88     26699\n", "best_params": {"min_samples_split": 35, "min_samples_leaf": 2, "max_depth": 11}}, "ExtraTreesClassifier": {"confusion_matrix": [[20725, 3794], [20, 2160]], "accuracy": 0.8571482077980449, "classification_report": "             precision    recall  f1-score   support\n\n          0       1.00      0.85      0.92     24519\n          1       0.36      0.99      0.53      2180\n\navg / total       0.95      0.86      0.88     26699\n", "best_params": {"min_samples_split": 20, "min_samples_leaf": 2, "n_estimators": 3}}}