{"RandomForestClassifier": {"confusion_matrix": [[42319, 3286], [835, 3902]], "accuracy": 0.918139922927178, "classification_report": "             precision    recall  f1-score   support\n\n          0       0.98      0.93      0.95     45605\n          1       0.54      0.82      0.65      4737\n\navg / total       0.94      0.92      0.93     50342\n", "best_params": {"min_samples_split": 2, "min_samples_leaf": 5, "n_estimators": 500}}, "DecisionTreeClassifier": {"confusion_matrix": [[39900, 5705], [323, 4414]], "accuracy": 0.8802590282467919, "classification_report": "             precision    recall  f1-score   support\n\n          0       0.99      0.87      0.93     45605\n          1       0.44      0.93      0.59      4737\n\navg / total       0.94      0.88      0.90     50342\n", "best_params": {"min_samples_split": 2, "min_samples_leaf": 35, "max_depth": 11}}}